<?xml version="1.0" encoding="UTF-8"?>
<beans xmlns="http://www.springframework.org/schema/beans"
	xmlns:xsi="http://www.w3.org/2001/XMLSchema-instance"
	xmlns:context="http://www.springframework.org/schema/context"
	xmlns:util="http://www.springframework.org/schema/util"
	xsi:schemaLocation="http://www.springframework.org/schema/beans http://www.springframework.org/schema/beans/spring-beans.xsd
		http://www.springframework.org/schema/context http://www.springframework.org/schema/context/spring-context-4.3.xsd
		http://www.springframework.org/schema/util http://www.springframework.org/schema/util/spring-util-4.3.xsd">

	<!-- sample01 -->
	<bean id="messageBeanImpl" class="sample01.MessageBeanImpl">
		<constructor-arg>
			<value>사과</value>
		</constructor-arg>
		<property name="cost">
			<value>5000</value>
		</property>
		<property name="qty" value="3" />
	</bean>
	
	<!-- sample02 -->
	<bean id="calcAdd" class="sample02.CalcAdd">
		<constructor-arg value="25" />
		<constructor-arg value="36" />
	</bean>
	
	<bean id="calcMul" class="sample02.CalcMul">
		<property name="x" value="25"></property>
		<property name="y" value="36"></property>
	</bean>
	
	<!-- sample3 -->
	<bean id="sungJukDTO" class="sample03.SungJukDTO">
		<property name="name" value="홍길동"></property>
		<property name="kor" value="97"></property>
		<property name="eng" value="100"></property>
		<property name="math" value="95"></property>
	</bean>

	<bean id="sungJukImpl" class="sample03.SungJukImpl">
		<constructor-arg ref="sungJukDTO" />
	</bean>
	
	<!-- sample04 -->
	<bean id="helloSpring" class="sample04.HelloSpring"></bean>
	
	<bean id="sungJukInput" class="sample04.SungJukInput" scope="prototype">
		<property name="sungJukDTO2" ref="sungJukDTO2"></property>
		<property name="list" ref="arrayList"></property>
	</bean>
	
	<bean id="sungJukOutput" class="sample04.SungJukOutput">
		<property name="list" ref="arrayList"></property>
	</bean>
	
	<bean id="sungJukUpdate" class="sample04.SungJukUpdate">
		<property name="list" ref="arrayList"></property>
	</bean>
	
	<bean id="sungJukDelete" class="sample04.SungJukDelete">
		<property name="list" ref="arrayList"></property>
	</bean>
	
	<bean id="sungJukDTO2" class="sample04.SungJukDTO2" scope="prototype"></bean>
	
	<!-- <bean id="arrayList" class="java.util.ArrayList"></bean> -->
	<util:list id="arrayList" list-class="java.util.ArrayList"></util:list>
	
	<!-- sample05 -->
	<bean id="messageBeanImpl2" class="sample05.MessageBeanImpl">
		<constructor-arg value="홍길동"></constructor-arg>
		<property name="phone" value="010-1234-5678"></property>
		<property name="outputter" ref="fileOutputter"></property>
	</bean>
	
	<bean id="fileOutputter" class="sample05.FileOutputter">
		<property name="filePath" value="D:/Spring/"></property>
		<property name="fileName" value="result.txt"></property>
	</bean>
	
</beans>
