<?xml version="1.0" encoding="UTF-8"?>
 <!DOCTYPE mapper
  PUBLIC "-//mybatis.org//DTD Mapper 3.0//EN"
  "https://mybatis.org/dtd/mybatis-3-mapper.dtd">
<mapper namespace="userSQL">
	<insert id="write" parameterType="user">
		insert into usertable values(#{name}, #{id}, #{pwd} )
	</insert>
	
	<select id="getUserList" resultType="user">
		select * from usertable
	</select>
	
	<select id="idCheck" parameterType="String" resultType="user">
		select * from usertable where id =#{id}
	</select>
	
	<update id="update2" parameterType="java.util.Map">
		update usertable set name=#{name}, pwd=#{pwd} where id =#{id}
	</update>
	
	<delete id="delete2" parameterType="String">
		delete from usertable where id =#{id}
	</delete>
</mapper>
