<?xml version="1.0" encoding="UTF-8"?>
<beans xmlns="http://www.springframework.org/schema/beans"
	xmlns:xsi="http://www.w3.org/2001/XMLSchema-instance"
	xmlns:aop="http://www.springframework.org/schema/aop"
	xmlns:context="http://www.springframework.org/schema/context"
	xsi:schemaLocation="http://www.springframework.org/schema/beans http://www.springframework.org/schema/beans/spring-beans.xsd
		http://www.springframework.org/schema/aop http://www.springframework.org/schema/aop/spring-aop-4.3.xsd
		http://www.springframework.org/schema/context http://www.springframework.org/schema/context/spring-context-4.3.xsd">


	<bean id="messageBeanImpl" class="sample01.MessageBeanImpl">
		<property name="str" value="Have a nice day!"></property>
	</bean>
	
	<bean id="loggingAdvice" class="sample01.LoggingAdvice"></bean>
	
	<!-- AOP -->
	<aop:config>
		<aop:pointcut expression="execution(public void sample01.MessageBeanImpl.*Before())" id="beforeMethod"/>
		<aop:pointcut expression="execution(public * *.*.*After(..))" id="afterMethod"/>
		<aop:pointcut expression="execution(public * *.MessageBeanImpl.*Print(..))" id="aroundMethod"/>
		
		
		<aop:aspect ref="loggingAdvice">
			<aop:before method="beforeTrace" pointcut-ref="beforeMethod"/> <!-- beforeMethod메서드가 호출되면 beforeTrace 메서드가 앞에 삽닙된다. -->
		</aop:aspect>
		<aop:aspect ref="loggingAdvice">
			<aop:after method="afterTrace" pointcut-ref="afterMethod"/>
		</aop:aspect>
		<aop:aspect ref="loggingAdvice">
			<aop:around method="trace" pointcut-ref="aroundMethod"/>
		</aop:aspect>
	</aop:config>
	
</beans>
