<?xml version="1.0" encoding="UTF-8"?>
<!DOCTYPE mapper
  PUBLIC "-//mybatis.org//DTD Mapper 3.0//EN"
  "https://mybatis.org/dtd/mybatis-3-mapper.dtd">
<!--  <mapper namespace="userUploadSQL"> -->
 <mapper namespace="user.dao.UserUploadDAO">
 
 	<!-- UserUploadDAOMybatis에서 for문 사욜했을 때 -->
 	<!-- 
 	<insert id="upload" parameterType="user.bean.UserImageDTO">
 		insert into userimage(imageName, imageContent, imageFileName, imageOriginalName) 
 					values(#{imageName}, #{imageContent}, #{imageFileName}, #{imageOriginalName})
 	</insert>
 	 -->
 	 
 	 <!-- SQL문을 실행할 때 넘어오는 파라미터 타입이 List일 경우 forEach 태그의 collection 속성에 사용할 수 있는 이름은 list 또는 collection이 가능하다-->
 	 <insert id="upload">
 	 	insert into userimage(imageName, imageContent, imageFileName, imageOriginalName)
 	 	values
 	 	<foreach collection="list" item="dto" separator=",">
 	 		(#{dto.imageName}, #{dto.imageContent}, #{dto.imageFileName}, #{dto.imageOriginalName})
 	 	</foreach>
 	 </insert>
 	
 	<select id="getUploadList" resultType="user.bean.UserImageDTO">
 		select * from userimage order by seq desc
 	</select>
 	
 	<select id="getUploadImage" parameterType="String" resultType="user.bean.UserImageDTO">
 		select * from userimage where seq=#{seq}
 	</select>
 	
 	<select id="getImageFileName" parameterType="int" resultType="String">
 		select imageFileName from userimage where seq=#{seq}
 	</select>
 	
 	<update id="uploadUpdate" parameterType="user.bean.UserImageDTO">
 		update userimage set imageName=#{imageName}
 							, imageContent=#{imageContent}
 							, imageFileName=#{imageFileName}
 							, imageOriginalName=#{imageOriginalName}
 		where seq=#{seq} 
 	</update>
 	
 	<delete id="uploadDelete">
 		delete from userimage where imageFileName in 
 		<foreach collection="list" item="str" separator="," open="(" close=")">
			#{str}
 		</foreach>
 	</delete>
 </mapper>