<?xml version="1.0" encoding="UTF-8"?>
<beans xmlns="http://www.springframework.org/schema/beans"
	xmlns:xsi="http://www.w3.org/2001/XMLSchema-instance"
	xmlns:context="http://www.springframework.org/schema/context"
	xsi:schemaLocation="http://www.springframework.org/schema/beans http://www.springframework.org/schema/beans/spring-beans.xsd
		http://www.springframework.org/schema/context http://www.springframework.org/schema/context/spring-context-4.3.xsd">

	<bean id="viewResolver" class="org.springframework.web.servlet.view.InternalResourceViewResolver">
		<!-- <property name="prefix" value="/WEB-INF/view/"></property> -->
		<property name="prefix" value="/WEB-INF"></property>
		<property name="suffix" value=".jsp"></property>
	</bean>
	
	<bean id="helloController" class="com.contoller.HelloController"></bean>
	<!-- <context:component-scan base-package="com.contoller" /> -->

</beans>
