<?xml version="1.0" encoding="UTF-8"?>
<beans xmlns="http://www.springframework.org/schema/beans"
	xmlns:xsi="http://www.w3.org/2001/XMLSchema-instance"
	xmlns:context="http://www.springframework.org/schema/context"
	xmlns:jdbc="http://www.springframework.org/schema/jdbc"
	xmlns:tx="http://www.springframework.org/schema/tx"
	xmlns:p="http://www.springframework.org/schema/p"
	xsi:schemaLocation="http://www.springframework.org/schema/jdbc http://www.springframework.org/schema/jdbc/spring-jdbc-4.3.xsd
		http://www.springframework.org/schema/beans http://www.springframework.org/schema/beans/spring-beans.xsd
		http://www.springframework.org/schema/context http://www.springframework.org/schema/context/spring-context-4.3.xsd
		http://www.springframework.org/schema/tx http://www.springframework.org/schema/tx/spring-tx-4.3.xsd">

	<!-- Connection Pool & DataSource -->
	<!-- <bean id="dataSource" class="org.apache.commons.dbcp2.BasicDataSource">
		<property name="driverClassName" value="com.mysql.cj.jdbc.Driver" />
		<property name="url" value="jdbc:mysql://localhost:3306/mydb?serverTimezone=Asia/Seoul" />
		<property name="username" value="root" />
		<property name="password" value="1234" />
	</bean> -->
	
	<!-- <bean id="dataSource"
		  class="org.apache.commons.dbcp2.BasicDataSource"
		  p:driverClassName="com.mysql.cj.jdbc.Driver"
		  p:url="jdbc:mysql://localhost:3306/mydb?serverTimezone=Asia/Seoul"
		  p:username="root"
		  p:password="1234" /> -->
		  
		  
	<context:property-placeholder location="classpath:spring/db.properties"/>
	<bean id="dataSource" class="org.apache.commons.dbcp2.BasicDataSource">
		<property name="driverClassName" value="${jdbc.driver}" />
		<property name="url" value="${jdbc.url}" />
		<property name="username" value="${jdbc.username}" />
		<property name="password" value="${jdbc.password}" />
	</bean>
	
	<bean id="helloSpring" class="user.main.HelloSpring"></bean>
	
	<bean id="userInsertService" class="user.service.UserInsertService">
		<property name="userDTO" ref="userDTO"></property>
		<property name="userDAO" ref="userDAOImpl"></property>
	</bean>
	
	<bean id="userSelectService" class="user.service.UserSelectService">
		<property name="userDAO" ref="userDAOImpl"></property>
	</bean>
	
	<bean id="userUpdateService" class="user.service.UserUpdateService">
		<!-- <property name="list" ref="arrayList"></property> -->
		<property name="userDAO" ref="userDAOImpl"></property>
	</bean>
	
	<bean id="userDeleteService" class="user.service.UserDeleteService">
		<!-- <property name="list" ref="arrayList"></property> -->
		<property name="userDAO" ref="userDAOImpl"></property>
	</bean>
	
	<!-- DB에 넣을 것이기 때문에 리스트 만들지 않음. scope="prototype"필요없음 -->
	<bean id="userDTO" class="user.bean.UserDTO"></bean>
	
	<bean id="userDAOImpl" class="user.dao.UserDAOImpl">
		<!-- <property name="jdbcTemplate" ref="jdbcTemplate"></property> -->
		<property name="dataSource" ref="dataSource" />
	</bean>
	
	<bean id="jdbcTemplate" class="org.springframework.jdbc.core.JdbcTemplate">
		<constructor-arg ref ="dataSource" />
	</bean>
	
	<bean id="arrayList" class="java.util.ArrayList"></bean>
	
</beans>
